[{"id":1,"first_name":"Randolph","last_name":"Ballham","email":"rballham0@go.com","gender":"Male","salary":9530},
{"id":2,"first_name":"Andie","last_name":"Loughhead","email":"aloughhead1@wikia.com","gender":"Female","salary":6020},
{"id":3,"first_name":"Bradan","last_name":"Szymanzyk","email":"bszymanzyk2@omniture.com","gender":"Male","salary":7668},
{"id":4,"first_name":"Travis","last_name":"Houldcroft","email":"thouldcroft3@wikimedia.org","gender":"Male","salary":5357},
{"id":5,"first_name":"Ruthie","last_name":"Digweed","email":"rdigweed4@statcounter.com","gender":"Female","salary":1827},
{"id":6,"first_name":"Boycey","last_name":"Durling","email":"bdurling5@eepurl.com","gender":"Male","salary":2088},
{"id":7,"first_name":"Addison","last_name":"Camacho","email":"acamacho6@nyu.edu","gender":"Male","salary":2871},
{"id":8,"first_name":"Leslie","last_name":"Coffey","email":"lcoffey7@nih.gov","gender":"Male","salary":3485},
{"id":9,"first_name":"Engracia","last_name":"Thiem","email":"ethiem8@irs.gov","gender":"Female","salary":9693},
{"id":10,"first_name":"Silvio","last_name":"Skegg","email":"sskegg9@livejournal.com","gender":"Male","salary":7570},
{"id":11,"first_name":"Rabbi","last_name":"Sondland","email":"rsondlanda@soundcloud.com","gender":"Male","salary":3323},
{"id":12,"first_name":"Elvis","last_name":"Langdon","email":"elangdonb@livejournal.com","gender":"Male","salary":4780},
{"id":13,"first_name":"Cyndi","last_name":"Delgardillo","email":"cdelgardilloc@hao123.com","gender":"Genderqueer","salary":1035},
{"id":14,"first_name":"Rolph","last_name":"Sloyan","email":"rsloyand@qq.com","gender":"Male","salary":8723},
{"id":15,"first_name":"Rhianon","last_name":"Peerman","email":"rpeermane@gmpg.org","gender":"Female","salary":9074},
{"id":16,"first_name":"Adah","last_name":"Harsnipe","email":"aharsnipef@opera.com","gender":"Female","salary":4408},
{"id":17,"first_name":"Diego","last_name":"Jane","email":"djaneg@drupal.org","gender":"Male","salary":1394},
{"id":18,"first_name":"Aurel","last_name":"Manthorpe","email":"amanthorpeh@sbwire.com","gender":"Female","salary":6449},
{"id":19,"first_name":"Astrid","last_name":"Bragger","email":"abraggeri@shop-pro.jp","gender":"Female","salary":4588},
{"id":20,"first_name":"Maribelle","last_name":"Sherwyn","email":"msherwynj@blog.com","gender":"Female","salary":1952}]